-- MySQL dump 10.13  Distrib 5.5.62, for Linux (x86_64)
--
-- Host: localhost    Database: techbooklabo
-- ------------------------------------------------------
-- Server version	5.5.62
/*!40103 SET @OLD_TIME_ZONE=@@TIME_ZONE */;
/*!40103 SET TIME_ZONE='+00:00' */;
/*!40014 SET @OLD_UNIQUE_CHECKS=@@UNIQUE_CHECKS, UNIQUE_CHECKS=0 */;
/*!40014 SET @OLD_FOREIGN_KEY_CHECKS=@@FOREIGN_KEY_CHECKS, FOREIGN_KEY_CHECKS=0 */;
/*!40101 SET @OLD_SQL_MODE=@@SQL_MODE, SQL_MODE='NO_AUTO_VALUE_ON_ZERO,POSTGRESQL' */;
/*!40111 SET @OLD_SQL_NOTES=@@SQL_NOTES, SQL_NOTES=0 */;

--
-- Table structure for table "t_book"
--

DROP TABLE IF EXISTS "t_book";
/*!40101 SET @saved_cs_client     = @@character_set_client */;
/*!40101 SET character_set_client = utf8 */;
CREATE TABLE "t_book" (
  "no" varchar(13) NOT NULL,
  "bookTitle" varchar(255) NOT NULL,
  "imageUrl" varchar(255) NOT NULL,
  "affiliateUrl" varchar(255) NOT NULL,
  "category" varchar(32) NOT NULL,
  "price" int(32) NOT NULL,
  "pages" int(32) NOT NULL,
  "description" text NOT NULL,
  "register" varchar(255) NOT NULL,
  "created_at" timestamp NOT NULL DEFAULT CURRENT_TIMESTAMP,
  "modified_at" timestamp NOT NULL DEFAULT '0000-00-00 00:00:00',
  PRIMARY KEY ("no")
);
/*!40101 SET character_set_client = @saved_cs_client */;

--
-- Dumping data for table "t_book"
--

LOCK TABLES "t_book" WRITE;
/*!40000 ALTER TABLE "t_book" DISABLE KEYS */;
INSERT INTO "t_book" VALUES ('9784048913911','Web????????jQuery??????????','https://thumbnail.image.rakuten.co.jp/@0_mall/book/cabinet/3911/9784048913911.jpg','https://hb.afl.rakuten.co.jp/hgc/g00q0727.6bbv087e.g00q0727.6bbv1c0b/?pc=https%3A%2F%2Fbooks.rakuten.co.jp%2Frb%2F12236298%2F&m=http%3A%2F%2Fm.rakuten.co.jp%2Frms%2Fmsv%2FItem%3Fn%3D12236298%26surl%3Dbook','jquery',3278,311,'????????????????????????????? ?????????????????????????????????????? ?????????????????????????????????????? ??????????????????????????????????','nakano','2020-02-13 10:09:11','0000-00-00 00:00:00'),('9784295002352','Web???? ???Sass??????2?','https://thumbnail.image.rakuten.co.jp/@0_mall/book/cabinet/2352/9784295002352.jpg','https://hb.afl.rakuten.co.jp/hgc/g00q0727.6bbv087e.g00q0727.6bbv1c0b/?pc=https%3A%2F%2Fbooks.rakuten.co.jp%2Frb%2F15109710%2F&m=http%3A%2F%2Fm.rakuten.co.jp%2Frms%2Fmsv%2FItem%3Fn%3D15109710%26surl%3Dbook','sass',2640,296,'??????????????????????????????????????????????????????????????? ?????????????????????????????????????? ??','nakano','2020-02-22 03:45:28','0000-00-00 00:00:00'),('9784295007807','???????Java???3?','https://thumbnail.image.rakuten.co.jp/@0_mall/book/cabinet/7807/9784295007807.jpg','https://hb.afl.rakuten.co.jp/hgc/g00q0727.6bbv087e.g00q0727.6bbv1c0b/?pc=https%3A%2F%2Fbooks.rakuten.co.jp%2Frb%2F16099007%2F&m=http%3A%2F%2Fm.rakuten.co.jp%2Frms%2Fmsv%2FItem%3Fn%3D16099007%26surl%3Dbook','java',2860,768,'??????????????????????? ????????????????????????????????','nakano','2020-02-13 10:12:59','0000-00-00 00:00:00'),('9784295007876','??????????????????(??2????)','https://thumbnail.image.rakuten.co.jp/@0_mall/book/cabinet/7876/9784295007876.jpg','https://hb.afl.rakuten.co.jp/hgc/g00q0727.6bbv087e.g00q0727.6bbv1c0b/?pc=https%3A%2F%2Fbooks.rakuten.co.jp%2Frb%2F16117584%2F&m=http%3A%2F%2Fm.rakuten.co.jp%2Frms%2Fmsv%2FItem%3Fn%3D16117584%26surl%3Dbook','????,???????',1628,576,'“????”???? ?????????????????????????????????????? ?????????????????','testUser1','2020-03-28 09:30:32','0000-00-00 00:00:00'),('9784296105441','Amazon Web Services ???????????&?????? ??3?','https://thumbnail.image.rakuten.co.jp/@0_mall/book/cabinet/5441/9784296105441.jpg','https://hb.afl.rakuten.co.jp/hgc/g00q0727.6bbv087e.g00q0727.6bbv1c0b/?pc=https%3A%2F%2Fbooks.rakuten.co.jp%2Frb%2F16215301%2F&m=http%3A%2F%2Fm.rakuten.co.jp%2Frms%2Fmsv%2FItem%3Fn%3D16215301%26surl%3Dbook','vi,amazon',2970,0,'??????????????????????????????????????????????????????????','nakano','2020-02-13 10:17:12','0000-00-00 00:00:00'),('9784297106614','???????Amazon Web Services??? ?????????','https://thumbnail.image.rakuten.co.jp/@0_mall/book/cabinet/6614/9784297106614.jpg','https://hb.afl.rakuten.co.jp/hgc/g00q0727.6bbv087e.g00q0727.6bbv1c0b/?pc=https%3A%2F%2Fbooks.rakuten.co.jp%2Frb%2F15921188%2F&m=http%3A%2F%2Fm.rakuten.co.jp%2Frms%2Fmsv%2FItem%3Fn%3D15921188%26surl%3Dbook','vi,amazon',2948,311,'????????????????????????????????????????????','nakano','2020-02-13 10:17:14','0000-00-00 00:00:00'),('9784297110215','????????IT? ??????? ??02?','https://thumbnail.image.rakuten.co.jp/@0_mall/book/cabinet/0215/9784297110215.jpg','https://hb.afl.rakuten.co.jp/hgc/g00q0727.6bbv087e.g00q0727.6bbv1c0b/?pc=https%3A%2F%2Fbooks.rakuten.co.jp%2Frb%2F16144545%2F&m=http%3A%2F%2Fm.rakuten.co.jp%2Frms%2Fmsv%2FItem%3Fn%3D16144545%26surl%3Dbook','????,???????',2178,720,'','testUser1','2020-03-28 09:20:31','0000-00-00 00:00:00'),('9784297110550','????PHP ????????????!','https://thumbnail.image.rakuten.co.jp/@0_mall/book/cabinet/0550/9784297110550.jpg','https://hb.afl.rakuten.co.jp/hgc/g00q0727.6bbv087e.g00q0727.6bbv1c0b/?pc=https%3A%2F%2Fbooks.rakuten.co.jp%2Frb%2F16117979%2F&m=http%3A%2F%2Fm.rakuten.co.jp%2Frms%2Fmsv%2FItem%3Fn%3D16117979%26surl%3Dbook','php',2398,0,'??????????????????','nakano','2019-12-30 08:04:56','0000-00-00 00:00:00'),('9784774144375','??????PHP','https://thumbnail.image.rakuten.co.jp/@0_mall/book/cabinet/4375/9784774144375.jpg','https://hb.afl.rakuten.co.jp/hgc/g00q0727.6bbv087e.g00q0727.6bbv1c0b/?pc=https%3A%2F%2Fbooks.rakuten.co.jp%2Frb%2F6794779%2F&m=http%3A%2F%2Fm.rakuten.co.jp%2Frms%2Fmsv%2FItem%3Fn%3D6794779%26surl%3Dbook','php',3960,591,'?????????????????????????????????????????????','nakano','2019-12-29 03:18:43','0000-00-00 00:00:00'),('9784774153773','JUnit????','https://thumbnail.image.rakuten.co.jp/@0_mall/book/cabinet/3773/9784774153773.jpg','https://hb.afl.rakuten.co.jp/hgc/g00q0727.6bbv087e.g00q0727.6bbv1c0b/?pc=https%3A%2F%2Fbooks.rakuten.co.jp%2Frb%2F12058050%2F&m=http%3A%2F%2Fm.rakuten.co.jp%2Frms%2Fmsv%2FItem%3Fn%3D12058050%26surl%3Dbook','???????,junit',3630,455,'????????????????????????????????????????????????????????????????????? ?????????????????????????????????????? ?????????????????????????????????????? ?????????????????????????','nakano','2020-02-22 09:21:02','0000-00-00 00:00:00'),('9784774163666','GitHub???? ?Pull Request ????????','https://thumbnail.image.rakuten.co.jp/@0_mall/book/cabinet/3666/9784774163666.jpg','https://hb.afl.rakuten.co.jp/hgc/g00q0727.6bbv087e.g00q0727.6bbv1c0b/?pc=https%3A%2F%2Fbooks.rakuten.co.jp%2Frb%2F12688220%2F&m=http%3A%2F%2Fm.rakuten.co.jp%2Frms%2Fmsv%2FItem%3Fn%3D12688220%26surl%3Dbook','git,github',2838,285,'?????????????????????????? ??????????????????','nakano','2020-02-13 10:10:22','0000-00-00 00:00:00'),('9784774184111','JavaScript????????','https://thumbnail.image.rakuten.co.jp/@0_mall/book/cabinet/4111/9784774184111.jpg','https://hb.afl.rakuten.co.jp/hgc/g00q0727.6bbv087e.g00q0727.6bbv1c0b/?pc=https%3A%2F%2Fbooks.rakuten.co.jp%2Frb%2F14433718%2F&m=http%3A%2F%2Fm.rakuten.co.jp%2Frms%2Fmsv%2FItem%3Fn%3D14433718%26surl%3Dbook','javascript,java,ip',3278,455,'??????????????????????????????????????? ?????????????????????????????????????? ?????????????????????????????????????? ????????????????????','nakano','2020-02-13 10:08:39','0000-00-00 00:00:00'),('9784774189284','Jenkins???????3?','https://thumbnail.image.rakuten.co.jp/@0_mall/book/cabinet/9284/9784774189284.jpg','https://hb.afl.rakuten.co.jp/hgc/g00q0727.6bbv087e.g00q0727.6bbv1c0b/?pc=https%3A%2F%2Fbooks.rakuten.co.jp%2Frb%2F14917354%2F&m=http%3A%2F%2Fm.rakuten.co.jp%2Frms%2Fmsv%2FItem%3Fn%3D14917354%26surl%3Dbook','jenkins',3278,398,'????? ?????????????????????????????????????? ?????????????????????????????????????? ?????????????????????????????????????? ?????????????????????????????????????? ?????????????????????????????????????? ?????????????????????????????????????? ????????????????????','nakano','2020-02-24 03:10:14','0000-00-00 00:00:00'),('9784774193977','???????????Ruby??','https://thumbnail.image.rakuten.co.jp/@0_mall/book/cabinet/3977/9784774193977.jpg','https://hb.afl.rakuten.co.jp/hgc/g00q0727.6bbv087e.g00q0727.6bbv1c0b/?pc=https%3A%2F%2Fbooks.rakuten.co.jp%2Frb%2F15209044%2F&m=http%3A%2F%2Fm.rakuten.co.jp%2Frms%2Fmsv%2FItem%3Fn%3D15209044%26surl%3Dbook','ruby',3278,455,'?????????????????????????????????????????? ?????????????????????????????????????? ??????????????','nakano','2020-02-13 10:14:32','0000-00-00 00:00:00'),('9784797327038','Java????????????????????','https://thumbnail.image.rakuten.co.jp/@0_mall/book/cabinet/7038/9784797327038.jpg','https://hb.afl.rakuten.co.jp/hgc/g00q0727.6bbv087e.g00q0727.6bbv1c0b/?pc=https%3A%2F%2Fbooks.rakuten.co.jp%2Frb%2F1683430%2F&m=http%3A%2F%2Fm.rakuten.co.jp%2Frms%2Fmsv%2FItem%3Fn%3D1683430%26surl%3Dbook','java',4180,528,'?????????????????????????????????????????? ?????????????????????????????????????? ????????????????????????????','nakano','2020-02-13 10:13:21','0000-00-00 00:00:00'),('9784797372212','jQuery??????','https://thumbnail.image.rakuten.co.jp/@0_mall/book/cabinet/2212/9784797372212.jpg','https://hb.afl.rakuten.co.jp/hgc/g00q0727.6bbv087e.g00q0727.6bbv1c0b/?pc=https%3A%2F%2Fbooks.rakuten.co.jp%2Frb%2F12557168%2F&m=http%3A%2F%2Fm.rakuten.co.jp%2Frms%2Fmsv%2FItem%3Fn%3D12557168%26surl%3Dbook','jquery',2838,0,'??????×????????????????????????????????? ?????????????????????????????????????? ?????????????????????????????????????? ?????????????????????????????????????','nakano','2020-02-13 10:09:25','0000-00-00 00:00:00'),('9784797380941','???Linux????','https://thumbnail.image.rakuten.co.jp/@0_mall/book/cabinet/0941/9784797380941.jpg','https://hb.afl.rakuten.co.jp/hgc/g00q0727.6bbv087e.g00q0727.6bbv1c0b/?pc=https%3A%2F%2Fbooks.rakuten.co.jp%2Frb%2F13241689%2F&m=http%3A%2F%2Fm.rakuten.co.jp%2Frms%2Fmsv%2FItem%3Fn%3D13241689%26surl%3Dbook','linux',2970,425,'??-?????????????????????????????????????????????????????????????????? ?????????????????????????????????????? ?????????????????????????????????????? ?????????','nakano','2020-02-13 10:16:41','0000-00-00 00:00:00'),('9784797390513','???? Java???????????????','https://thumbnail.image.rakuten.co.jp/@0_mall/book/cabinet/0513/9784797390513.jpg','https://hb.afl.rakuten.co.jp/hgc/g00q0727.6bbv087e.g00q0727.6bbv1c0b/?pc=https%3A%2F%2Fbooks.rakuten.co.jp%2Frb%2F14897416%2F&m=http%3A%2F%2Fm.rakuten.co.jp%2Frms%2Fmsv%2FItem%3Fn%3D14897416%26surl%3Dbook','java',2640,392,'???????? ?????????????????????????????????????? ?????????????????????????????????????? ?????????????????????????????????','nakano','2020-02-13 10:13:37','0000-00-00 00:00:00'),('9784798059075','PHP????? ??Laravel????','https://thumbnail.image.rakuten.co.jp/@0_mall/book/cabinet/9075/9784798059075.jpg','https://hb.afl.rakuten.co.jp/hgc/g00q0727.6bbv087e.g00q0727.6bbv1c0b/?pc=https%3A%2F%2Fbooks.rakuten.co.jp%2Frb%2F15956681%2F&m=http%3A%2F%2Fm.rakuten.co.jp%2Frms%2Fmsv%2FItem%3Fn%3D15956681%26surl%3Dbook','php,laravel,???????',3300,354,'??????????????????????????????????????????????????????? ?????????????????????????????????????? ?????????????????????????????????????? ?????????????????????????????????????? ?????????????????????????????????????? ???????…?','nakano','2020-02-22 08:35:08','0000-00-00 00:00:00'),('9784798060996','PHP???????Laravel???2?','https://thumbnail.image.rakuten.co.jp/@0_mall/book/cabinet/0996/9784798060996.jpg','https://hb.afl.rakuten.co.jp/hgc/g00q0727.6bbv087e.g00q0727.6bbv1c0b/?pc=https%3A%2F%2Fbooks.rakuten.co.jp%2Frb%2F16164261%2F&m=http%3A%2F%2Fm.rakuten.co.jp%2Frms%2Fmsv%2FItem%3Fn%3D16164261%26surl%3Dbook','php,laravel',3300,368,'???????????????????????????????????????????????? ?????????','nakano','2020-02-13 10:05:15','0000-00-00 00:00:00'),('9784798144450','SQL ?2? ????????????????','https://thumbnail.image.rakuten.co.jp/@0_mall/book/cabinet/4450/9784798144450.jpg','https://hb.afl.rakuten.co.jp/hgc/g00q0727.6bbv087e.g00q0727.6bbv1c0b/?pc=https%3A%2F%2Fbooks.rakuten.co.jp%2Frb%2F14244722%2F&m=http%3A%2F%2Fm.rakuten.co.jp%2Frms%2Fmsv%2FItem%3Fn%3D14244722%26surl%3Dbook','sql',2068,0,'?????????? ?????????????????????????????????????? ?????????????????????????????????????? ?????????????????????????????????????? ?????????????????????????????????????? ??????????????????????????????????','nakano','2020-02-13 10:09:52','0000-00-00 00:00:00'),('9784800711304','??!PHP7+MySQL?????','https://thumbnail.image.rakuten.co.jp/@0_mall/book/cabinet/1304/9784800711304.jpg','https://hb.afl.rakuten.co.jp/hgc/g00q0727.6bbv087e.g00q0727.6bbv1c0b/?pc=https%3A%2F%2Fbooks.rakuten.co.jp%2Frb%2F14293014%2F&m=http%3A%2F%2Fm.rakuten.co.jp%2Frms%2Fmsv%2FItem%3Fn%3D14293014%26surl%3Dbook','php,sql,mysql',3278,528,'?????????????????????????? ?????????????????????????????????????? ?????????????????????????????????????? ?????????????????????????????????????? ?????????????????????????????????????? ?????????','nakano','2020-02-13 10:05:13','0000-00-00 00:00:00'),('9784800712462','???????? Git ????','https://thumbnail.image.rakuten.co.jp/@0_mall/book/cabinet/2462/9784800712462.jpg','https://hb.afl.rakuten.co.jp/hgc/g00q0727.6bbv087e.g00q0727.6bbv1c0b/?pc=https%3A%2F%2Fbooks.rakuten.co.jp%2Frb%2F15981554%2F&m=http%3A%2F%2Fm.rakuten.co.jp%2Frms%2Fmsv%2FItem%3Fn%3D15981554%26surl%3Dbook','git',2398,240,'?????????????????????????????????????????????????????? ?????????????????????','nakano','2020-02-13 10:10:09','0000-00-00 00:00:00'),('9784815601577','?????????JavaScript????? ?2?','https://thumbnail.image.rakuten.co.jp/@0_mall/book/cabinet/1577/9784815601577.jpg','https://hb.afl.rakuten.co.jp/hgc/g00q0727.6bbv087e.g00q0727.6bbv1c0b/?pc=https%3A%2F%2Fbooks.rakuten.co.jp%2Frb%2F16014712%2F&m=http%3A%2F%2Fm.rakuten.co.jp%2Frms%2Fmsv%2FItem%3Fn%3D16014712%26surl%3Dbook','javascript,java,ip',2728,336,'','nakano','2020-02-13 10:08:46','0000-00-00 00:00:00'),('9784822283117','????????????????2?','https://thumbnail.image.rakuten.co.jp/@0_mall/book/cabinet/8222/82228311.jpg','https://hb.afl.rakuten.co.jp/hgc/g00q0727.6bbv087e.g00q0727.6bbv1c0b/?pc=https%3A%2F%2Fbooks.rakuten.co.jp%2Frb%2F4312716%2F&m=http%3A%2F%2Fm.rakuten.co.jp%2Frms%2Fmsv%2FItem%3Fn%3D4312716%26surl%3Dbook','',2640,445,'?????????????????????????????????????????????????????? ?????????????????????????','testUser1','2020-03-26 14:43:27','0000-00-00 00:00:00'),('9784822292508','Amazon Web Services ????????14???? ?????','https://thumbnail.image.rakuten.co.jp/@0_mall/book/cabinet/2508/9784822292508.jpg','https://hb.afl.rakuten.co.jp/hgc/g00q0727.6bbv087e.g00q0727.6bbv1c0b/?pc=https%3A%2F%2Fbooks.rakuten.co.jp%2Frb%2F15610237%2F','vi,amazon',2750,208,'','testUser1','2020-12-22 07:45:45','0000-00-00 00:00:00'),('9784839962227','?????? Ruby on Rails 5???????','https://thumbnail.image.rakuten.co.jp/@0_mall/book/cabinet/2227/9784839962227.jpg','https://hb.afl.rakuten.co.jp/hgc/g00q0727.6bbv087e.g00q0727.6bbv1c0b/?pc=https%3A%2F%2Fbooks.rakuten.co.jp%2Frb%2F15628625%2F&m=http%3A%2F%2Fm.rakuten.co.jp%2Frms%2Fmsv%2FItem%3Fn%3D15628625%26surl%3Dbook','ruby',3828,480,'?????????????????????????????????????????????????????????','nakano','2020-02-13 10:14:28','0000-00-00 00:00:00'),('9784839965471','?????HTML5+CSS3??????3??','https://thumbnail.image.rakuten.co.jp/@0_mall/book/cabinet/5471/9784839965471.jpg','https://hb.afl.rakuten.co.jp/hgc/g00q0727.6bbv087e.g00q0727.6bbv1c0b/?pc=https%3A%2F%2Fbooks.rakuten.co.jp%2Frb%2F15665218%2F&m=http%3A%2F%2Fm.rakuten.co.jp%2Frms%2Fmsv%2FItem%3Fn%3D15665218%26surl%3Dbook','html,css',3080,336,'???????????????????????????????????????????????????????????????????? ?????????????????????????????????????? ?????????????????????','nakano','2020-02-13 10:06:50','0000-00-00 00:00:00'),('9784844336778','???????Java??(???)?2?','https://thumbnail.image.rakuten.co.jp/@0_mall/book/cabinet/6778/9784844336778.jpg','https://hb.afl.rakuten.co.jp/hgc/g00q0727.6bbv087e.g00q0727.6bbv1c0b/?pc=https%3A%2F%2Fbooks.rakuten.co.jp%2Frb%2F12919823%2F&m=http%3A%2F%2Fm.rakuten.co.jp%2Frms%2Fmsv%2FItem%3Fn%3D12919823%26surl%3Dbook','java',3080,628,'','nakano','2020-02-13 10:13:02','0000-00-00 00:00:00'),('9784863542174','?????????Git?????','https://thumbnail.image.rakuten.co.jp/@0_mall/book/cabinet/2174/9784863542174.jpg','https://hb.afl.rakuten.co.jp/hgc/g00q0727.6bbv087e.g00q0727.6bbv1c0b/?pc=https%3A%2F%2Fbooks.rakuten.co.jp%2Frb%2F14904582%2F&m=http%3A%2F%2Fm.rakuten.co.jp%2Frms%2Fmsv%2FItem%3Fn%3D14904582%26surl%3Dbook','git',2453,245,'???????????????????????? ?????????????????????????????????????? ????????????????','nakano','2020-02-13 10:10:05','0000-00-00 00:00:00');
/*!40000 ALTER TABLE "t_book" ENABLE KEYS */;
UNLOCK TABLES;

--
-- Table structure for table "t_good"
--

DROP TABLE IF EXISTS "t_good";
/*!40101 SET @saved_cs_client     = @@character_set_client */;
/*!40101 SET character_set_client = utf8 */;
CREATE TABLE "t_good" (
  "goodId" int(255) NOT NULL,
  "no" varchar(255) NOT NULL,
  "userId" varchar(32) NOT NULL,
  "delete_flg" tinyint(1) NOT NULL DEFAULT '0',
  "created_date" datetime NOT NULL,
  "update_date" timestamp NOT NULL DEFAULT CURRENT_TIMESTAMP,
  PRIMARY KEY ("goodId")
);
/*!40101 SET character_set_client = @saved_cs_client */;

--
-- Dumping data for table "t_good"
--

LOCK TABLES "t_good" WRITE;
/*!40000 ALTER TABLE "t_good" DISABLE KEYS */;
INSERT INTO "t_good" VALUES (1,'9784797327038','nakano',1,'0000-00-00 00:00:00','2020-02-13 10:18:15'),(4,'9784297110215','nakano',1,'0000-00-00 00:00:00','2020-03-29 14:07:15'),(5,'9784844336778','testUser1',1,'0000-00-00 00:00:00','2020-03-30 03:53:48'),(7,'9784774153773','testUser1',1,'0000-00-00 00:00:00','2020-03-30 03:54:05'),(8,'9784797327038','testUser1',1,'0000-00-00 00:00:00','2020-03-30 03:54:17'),(9,'9784800711304','testUser1',1,'0000-00-00 00:00:00','2020-03-30 03:54:53'),(10,'9784774144375','testUser1',1,'0000-00-00 00:00:00','2020-03-30 03:55:03'),(11,'9784297110550','testUser1',1,'0000-00-00 00:00:00','2020-03-30 03:55:16'),(13,'9784295007807','testUser1',1,'0000-00-00 00:00:00','2020-07-04 07:10:00');
/*!40000 ALTER TABLE "t_good" ENABLE KEYS */;
UNLOCK TABLES;

--
-- Table structure for table "t_review"
--

DROP TABLE IF EXISTS "t_review";
/*!40101 SET @saved_cs_client     = @@character_set_client */;
/*!40101 SET character_set_client = utf8 */;
CREATE TABLE "t_review" (
  "reviewId" int(255) NOT NULL,
  "userId" varchar(32) NOT NULL,
  "no" varchar(13) NOT NULL,
  "reviewContent" varchar(255) NOT NULL,
  PRIMARY KEY ("reviewId")
);
/*!40101 SET character_set_client = @saved_cs_client */;

--
-- Dumping data for table "t_review"
--

LOCK TABLES "t_review" WRITE;
/*!40000 ALTER TABLE "t_review" DISABLE KEYS */;
INSERT INTO "t_review" VALUES (1,'nakano','9784774144375','????\r\n????????????????????????????????????????? ????????????????????laravel??????????????????'),(2,'nakano','9784295007807','????\r\n????????????? ?????????????????????????????????????? ???????????'),(3,'nakano','9784863542174','????\r\nGit?????????????????????????????????????????? ????????Git?CUI?????????????????????????? ??????????????'),(4,'nakano','9784296105441','????\r\nAWS??????????????????????????????????????? ?????????????????????????????????????? ?????????????????????????????????????? ??????????????EC2?????????DB???????????????????????????????'),(5,'nakano','9784297106614','????\r\nAWS????????????????EC2?????RDS?S3?ALB????????????????????????????'),(6,'nakano','9784797380941','? ???\r\nLinux?????????????????????????????????????????????????????????????425????????????????????????????????????????????? ???????'),(7,'nakano','9784798060996','????\r\nlaravel????????MVC????????????????????????????????????????????????????TODO??????????????????? ?????????????????????????????????????? ??????????????'),(8,'nakano','9784798059075','????\r\n?? ??????????????????????????????????????laravel??????????????????????????????????? ????????????????'),(13,'nakano','9784297110215','IT??????????????????????????????????????????? ????????'),(15,'testUser1','9784844336778','???????'),(16,'testUser1','9784295007807','???????'),(17,'testUser1','9784797327038','???????'),(18,'testUser1','9784774153773','???????');
/*!40000 ALTER TABLE "t_review" ENABLE KEYS */;
UNLOCK TABLES;

--
-- Table structure for table "t_users"
--

DROP TABLE IF EXISTS "t_users";
/*!40101 SET @saved_cs_client     = @@character_set_client */;
/*!40101 SET character_set_client = utf8 */;
CREATE TABLE "t_users" (
  "userId" varchar(255) NOT NULL,
  "followId" int(255) NOT NULL,
  "email" varchar(32) NOT NULL,
  "password" varchar(1024) NOT NULL,
  "name" varchar(32) NOT NULL,
  "imageUrl" varchar(255) NOT NULL,
  "workYear" int(32) NOT NULL,
  "language" varchar(255) NOT NULL,
  "comment" varchar(255) NOT NULL,
  PRIMARY KEY ("userId"),
  KEY "followId" ("followId")
);
/*!40101 SET character_set_client = @saved_cs_client */;

--
-- Dumping data for table "t_users"
--

LOCK TABLES "t_users" WRITE;
/*!40000 ALTER TABLE "t_users" DISABLE KEYS */;
INSERT INTO "t_users" VALUES ('nakano',1,'m15sc018.prog@gmail.com','$2y$10$/Z674hRtyMYcxJAFOndUyuzQuaLUgagu9qDti3i2i505pfqnh6yXW','nakano','https://techbooklabo.s3.ap-northeast-1.amazonaws.com/profileImages/img_1582685779377.jpeg',0,'php?java?','?????????????nakano?????????????????????5??????????????????????????????PHP?????AWS(EC2/RDS/S3/ALB/Route53)??????????????????? ??'),('nonameUser1',7,'','$2y$10$PR0zz.f6aNtV1kELarH.kO/V0Myw5s2SXQgqPAEL93O9KODUYyY3W','','',0,'',''),('testUser1',2,'test1@test1.com','$2y$10$7MY7dJ.UOgYL1kNRGnh9/.iC49/53fmif3uK8rs6gItLcO4CEWstS','testUser1','',0,'Java','???????1?????'),('testUser2',3,'','$2y$10$8uUS5RFWrxrZY0CoTnvko.Q6neB8YgdnFe4GNK4oyCuwPu.zn9QH2','','',0,'',''),('testUser3',4,'','$2y$10$uiiMsMe6ZhVyeysogjgcveaFi7wd5prwvN0ODrcZ/4gbCnQxw2iLu','','',0,'',''),('testUser4',6,'','$2y$10$WFF0KCK2WaI3oDi6Lz6iE.za5Hb/p6CwKsY.mepYGzDPP1YI3eujK','','',0,'','');
/*!40000 ALTER TABLE "t_users" ENABLE KEYS */;
UNLOCK TABLES;
/*!40103 SET TIME_ZONE=@OLD_TIME_ZONE */;

/*!40101 SET SQL_MODE=@OLD_SQL_MODE */;
/*!40014 SET FOREIGN_KEY_CHECKS=@OLD_FOREIGN_KEY_CHECKS */;
/*!40014 SET UNIQUE_CHECKS=@OLD_UNIQUE_CHECKS */;
/*!40111 SET SQL_NOTES=@OLD_SQL_NOTES */;

-- Dump completed on 2020-12-22 11:10:21
